frame.number,frame.time_relative,usb.src,usb.dst,usb.endpoint_address,usb.transfer_type,usbhid.data
111,41.584632000,host,1.2.1,0x01,0x01,35070800ca0c02080102100001010101010101010101010101010101010101010101010610000101010101010101010106100001010101010101010101010100
112,41.588558000,1.2.1,host,0x01,0x01,
113,42.663850000,host,1.2.1,0x01,0x01,350908008a0704080010001000010101010101010101010101010101010101010101010106100001010101010101010101061000010101010101010101010100
114,42.675680000,1.2.1,host,0x01,0x01,
115,42.679911000,1.2.1,host,0x81,0x01,00350908028a0704080010004964223a22616d70222c22696e646578223a317d2c226f7574707574223a7b226e6f64654964223a2264656c6179222c22696e64
116,42.679969000,host,1.2.1,0x81,0x01,
117,42.681168000,host,1.2.1,0x01,0x01,35070800b20602080100100010000101010101010101010101010101010101010101010101061000010101010101010101010610000101010101010101010100
118,42.684802000,1.2.1,host,0x01,0x01,
119,42.685803000,1.2.1,host,0x81,0x01,00350c0802ba06070a05312e302e37223a22616d70222c22696e646578223a317d2c226f7574707574223a7b226e6f64654964223a2264656c6179222c22696e
120,42.685843000,host,1.2.1,0x81,0x01,
121,42.686615000,host,1.2.1,0x01,0x01,35070800ca0602080101001000100001010101010101010101010101010101010101010101010610000101010101010101010106100001010101010101010100
122,42.688067000,1.2.1,host,0x01,0x01,
123,42.691353000,1.2.1,host,0x81,0x01,00333d0802fa0187110a82117b226e6f646554797065223a2022707265736574222c226e6f64654964223a2022707265736574222c2276657273696f6e223a20
124,42.691404000,host,1.2.1,0x81,0x01,
125,42.695666000,1.2.1,host,0x81,0x01,00343d22312e31222c226e756d496e70757473223a20322c226e756d4f757470757473223a20322c22696e666f223a207b22646973706c61794e616d65223a20
126,42.695727000,host,1.2.1,0x81,0x01,
127,42.698827000,1.2.1,host,0x81,0x01,00343d2246454e4445522020434c45414e202020222c227072657365745f6964223a202238323730316533652d636166372d313165372d623732312d31373165
128,42.698877000,host,1.2.1,0x81,0x01,
129,42.701496000,1.2.1,host,0x81,0x01,00343d3663376433303930222c22617574686f72223a2022222c22736f757263655f6964223a2022222c2274696d657374616d70223a20313531303835353030
130,42.701519000,host,1.2.1,0x81,0x01,
131,42.702658000,1.2.1,host,0x81,0x01,00343d352c22637265617465645f6174223a20302c2270726f647563745f6964223a20226d757374616e672d6c74222c2269735f666163746f72795f64656661
132,42.702700000,host,1.2.1,0x81,0x01,
133,42.703837000,1.2.1,host,0x81,0x01,00343d756c74223a20747275652c2262706d223a20307d2c22617564696f4772617068223a207b226e6f646573223a205b7b226e6f64654964223a202273746f
134,42.703882000,host,1.2.1,0x81,0x01,
135,42.705002000,1.2.1,host,0x81,0x01,00343d6d70222c226e6f646554797065223a2022647370556e6974222c2246656e6465724964223a2022445542535f53696d706c65436f6d70726573736f7222
136,42.705039000,host,1.2.1,0x81,0x01,
137,42.706105000,1.2.1,host,0x81,0x01,00343d2c22647370556e6974506172616d6574657273223a207b22627970617373223a2066616c73652c2262797061737354797065223a2022506f7374222c22
138,42.706130000,host,1.2.1,0x81,0x01,
139,42.707274000,1.2.1,host,0x81,0x01,00343d74797065223a20226d656469756d227d7d2c7b22647370556e6974506172616d6574657273223a207b7d2c2246656e6465724964223a2022445542535f
140,42.707303000,host,1.2.1,0x81,0x01,
141,42.708378000,1.2.1,host,0x81,0x01,00343d5061737374687275222c226e6f646554797065223a2022647370556e6974222c226e6f64654964223a20226d6f64227d2c7b226e6f64654964223a2022
142,42.708398000,host,1.2.1,0x81,0x01,
143,42.709475000,1.2.1,host,0x81,0x01,00343d616d70222c226e6f646554797065223a2022647370556e6974222c2246656e6465724964223a2022445542535f5477696e3635222c22647370556e6974
144,42.709508000,host,1.2.1,0x81,0x01,
145,42.710605000,1.2.1,host,0x81,0x01,00343d506172616d6574657273223a207b22766f6c756d65223a202d31312e31323637342c2267617465507265736574223a20226f6666222c22676174654465
146,42.710624000,host,1.2.1,0x81,0x01,
147,42.712561000,1.2.1,host,0x81,0x01,00343d746563746f72506f736974696f6e223a20226a61636b222c2263616273696d54797065223a2022363574776e222c226761696e223a20302e3333373235
148,42.712589000,host,1.2.1,0x81,0x01,
149,42.715116000,1.2.1,host,0x81,0x01,00343d352c2274726562223a20302e3334323831362c226d6964223a20302e352c2262617373223a20302e3535353535362c22736167223a20226d6174636822
150,42.715152000,host,1.2.1,0x81,0x01,
151,42.722446000,1.2.1,host,0x81,0x01,00343d2c2262696173223a20302e352c22627269676874223a20747275657d7d2c7b22647370556e6974506172616d6574657273223a207b7d2c2246656e6465
152,42.722516000,host,1.2.1,0x81,0x01,
153,42.722529000,1.2.1,host,0x81,0x01,00343d724964223a2022445542535f5061737374687275222c226e6f646554797065223a2022647370556e6974222c226e6f64654964223a202264656c617922
154,42.722532000,host,1.2.1,0x81,0x01,
155,42.725787000,1.2.1,host,0x81,0x01,00343d7d2c7b226e6f64654964223a2022726576657262222c226e6f646554797065223a2022647370556e6974222c2246656e6465724964223a202244554253
156,42.725868000,host,1.2.1,0x81,0x01,
157,42.726998000,1.2.1,host,0x81,0x01,00343d5f537072696e673635222c22647370556e6974506172616d6574657273223a207b22627970617373223a2066616c73652c226279706173735479706522
158,42.727021000,host,1.2.1,0x81,0x01,
159,42.729405000,1.2.1,host,0x81,0x01,00343d3a2022507265222c227765744c766c223a20302e352c226465636179223a20302e3338383838392c226477656c6c223a20302e32383838392c22646966
160,42.729453000,host,1.2.1,0x81,0x01,
161,42.731740000,1.2.1,host,0x81,0x01,00343d66757365223a20312c22746f6e65223a20317d7d5d2c22636f6e6e656374696f6e73223a205b7b22696e707574223a207b22696e646578223a20302c22
162,42.731763000,host,1.2.1,0x81,0x01,
163,42.734793000,1.2.1,host,0x81,0x01,00343d6e6f64654964223a2022707265736574227d2c226f7574707574223a207b22696e646578223a20302c226e6f64654964223a202273746f6d70227d7d2c
164,42.734833000,host,1.2.1,0x81,0x01,
165,42.737292000,1.2.1,host,0x81,0x01,00343d7b22696e707574223a207b22696e646578223a20312c226e6f64654964223a2022707265736574227d2c226f7574707574223a207b22696e646578223a
166,42.737354000,host,1.2.1,0x81,0x01,
167,42.739651000,1.2.1,host,0x81,0x01,00343d20312c226e6f64654964223a202273746f6d70227d7d2c7b22696e707574223a207b22696e646578223a20302c226e6f64654964223a202273746f6d70
168,42.739696000,host,1.2.1,0x81,0x01,
169,42.742043000,1.2.1,host,0x81,0x01,00343d227d2c226f7574707574223a207b22696e646578223a20302c226e6f64654964223a20226d6f64227d7d2c7b22696e707574223a207b22696e64657822
170,42.742094000,host,1.2.1,0x81,0x01,
171,42.744475000,1.2.1,host,0x81,0x01,00343d3a20312c226e6f64654964223a202273746f6d70227d2c226f7574707574223a207b22696e646578223a20312c226e6f64654964223a20226d6f64227d
172,42.744498000,host,1.2.1,0x81,0x01,
173,42.745489000,1.2.1,host,0x81,0x01,00343d7d2c7b22696e707574223a207b22696e646578223a20302c226e6f64654964223a20226d6f64227d2c226f7574707574223a207b22696e646578223a20
174,42.745507000,host,1.2.1,0x81,0x01,
175,42.746642000,1.2.1,host,0x81,0x01,00343d302c226e6f64654964223a2022616d70227d7d2c7b22696e707574223a207b22696e646578223a20312c226e6f64654964223a20226d6f64227d2c226f
176,42.746661000,host,1.2.1,0x81,0x01,
177,42.747822000,1.2.1,host,0x81,0x01,00343d7574707574223a207b22696e646578223a20312c226e6f64654964223a2022616d70227d7d2c7b22696e707574223a207b22696e646578223a20302c22
178,42.747842000,host,1.2.1,0x81,0x01,
179,42.748884000,1.2.1,host,0x81,0x01,00343d6e6f64654964223a2022616d70227d2c226f7574707574223a207b22696e646578223a20302c226e6f64654964223a202264656c6179227d7d2c7b2269
180,42.748903000,host,1.2.1,0x81,0x01,
181,42.750043000,1.2.1,host,0x81,0x01,00343d6e707574223a207b22696e646578223a20312c226e6f64654964223a2022616d70227d2c226f7574707574223a207b22696e646578223a20312c226e6f
182,42.750062000,host,1.2.1,0x81,0x01,
183,42.751133000,1.2.1,host,0x81,0x01,00343d64654964223a202264656c6179227d7d2c7b22696e707574223a207b22696e646578223a20302c226e6f64654964223a202264656c6179227d2c226f75
184,42.751150000,host,1.2.1,0x81,0x01,
185,42.752297000,1.2.1,host,0x81,0x01,00343d74707574223a207b22696e646578223a20302c226e6f64654964223a2022726576657262227d7d2c7b22696e707574223a207b22696e646578223a2031
186,42.752316000,host,1.2.1,0x81,0x01,
187,42.753424000,1.2.1,host,0x81,0x01,00343d2c226e6f64654964223a202264656c6179227d2c226f7574707574223a207b22696e646578223a20312c226e6f64654964223a2022726576657262227d
188,42.753443000,host,1.2.1,0x81,0x01,
189,42.754551000,1.2.1,host,0x81,0x01,00343d7d2c7b22696e707574223a207b22696e646578223a20302c226e6f64654964223a2022726576657262227d2c226f7574707574223a207b22696e646578
190,42.754570000,host,1.2.1,0x81,0x01,
191,42.755681000,1.2.1,host,0x81,0x01,00343d223a20302c226e6f64654964223a2022707265736574227d7d2c7b22696e707574223a207b22696e646578223a20312c226e6f64654964223a20227265
192,42.755700000,host,1.2.1,0x81,0x01,3d3d
193,42.756796000,1.2.1,host,0x81,0x01,00353676657262227d2c226f7574707574223a207b22696e646578223a20312c226e6f64654964223a2022707265736574227d7d5d7d7d10014964223a202272
194,42.756814000,host,1.2.1,0x81,0x01,
195,42.757234000,host,1.2.1,0x01,0x01,35070800ca0602080201010010001000010101010101010101010101010101010101010101010106100001010101010101010101061000010101010101010100
196,42.759018000,1.2.1,host,0x01,0x01,
197,42.761282000,1.2.1,host,0x81,0x01,00333d0802fa01fc120af7127b22696e666f223a207b22646973706c61794e616d65223a202253494c4b59202020534f4c4f20202020222c2270726f64756374
198,42.761317000,host,1.2.1,0x81,0x01,
199,42.762417000,1.2.1,host,0x81,0x01,00343d5f6964223a20226d757374616e672d6c74222c22617574686f72223a2022222c2274696d657374616d70223a20313531303835353030352c2263726561
200,42.762432000,host,1.2.1,0x81,0x01,
201,42.763534000,1.2.1,host,0x81,0x01,00343d7465645f6174223a20302c2262706d223a20302c227072657365745f6964223a202238323730316533652d636166372d313165372d623732312d313731
202,42.763549000,host,1.2.1,0x81,0x01,
203,42.764656000,1.2.1,host,0x81,0x01,00343d653663376433303930222c22736f757263655f6964223a2022222c2269735f666163746f72795f64656661756c74223a20747275657d2c226e6f646554
204,42.764671000,host,1.2.1,0x81,0x01,
205,42.765780000,1.2.1,host,0x81,0x01,00343d797065223a2022707265736574222c22617564696f4772617068223a207b22636f6e6e656374696f6e73223a205b7b22696e707574223a207b22696e64
206,42.765795000,host,1.2.1,0x81,0x01,
207,42.766923000,1.2.1,host,0x81,0x01,00343d6578223a20302c226e6f64654964223a2022707265736574227d2c226f7574707574223a207b22696e646578223a20302c226e6f64654964223a202273
208,42.766941000,host,1.2.1,0x81,0x01,
209,42.768960000,1.2.1,host,0x81,0x01,00343d746f6d70227d7d2c7b22696e707574223a207b22696e646578223a20312c226e6f64654964223a2022707265736574227d2c226f7574707574223a207b
210,42.768980000,host,1.2.1,0x81,0x01,
211,42.771202000,1.2.1,host,0x81,0x01,00343d22696e646578223a20312c226e6f64654964223a202273746f6d70227d7d2c7b22696e707574223a207b22696e646578223a20302c226e6f6465496422
212,42.771250000,host,1.2.1,0x81,0x01,
213,42.773605000,1.2.1,host,0x81,0x01,00343d3a202273746f6d70227d2c226f7574707574223a207b22696e646578223a20302c226e6f64654964223a20226d6f64227d7d2c7b22696e707574223a20
214,42.773641000,host,1.2.1,0x81,0x01,
215,42.776368000,1.2.1,host,0x81,0x01,00343d7b22696e646578223a20312c226e6f64654964223a202273746f6d70227d2c226f7574707574223a207b22696e646578223a20312c226e6f6465496422
216,42.776435000,host,1.2.1,0x81,0x01,
217,42.777536000,1.2.1,host,0x81,0x01,00343d3a20226d6f64227d7d2c7b22696e707574223a207b22696e646578223a20302c226e6f64654964223a20226d6f64227d2c226f7574707574223a207b22
218,42.777600000,host,1.2.1,0x81,0x01,
219,42.778766000,1.2.1,host,0x81,0x01,00343d696e646578223a20302c226e6f64654964223a2022616d70227d7d2c7b22696e707574223a207b22696e646578223a20312c226e6f64654964223a2022
220,42.778842000,host,1.2.1,0x81,0x01,
221,42.780101000,1.2.1,host,0x81,0x01,00343d6d6f64227d2c226f7574707574223a207b22696e646578223a20312c226e6f64654964223a2022616d70227d7d2c7b22696e707574223a207b22696e64
222,42.780193000,host,1.2.1,0x81,0x01,
223,42.783177000,1.2.1,host,0x81,0x01,00343d6578223a20302c226e6f64654964223a2022616d70227d2c226f7574707574223a207b22696e646578223a20302c226e6f64654964223a202264656c61
224,42.783222000,host,1.2.1,0x81,0x01,
225,42.786014000,1.2.1,host,0x81,0x01,00343d79227d7d2c7b22696e707574223a207b22696e646578223a20312c226e6f64654964223a2022616d70227d2c226f7574707574223a207b22696e646578
226,42.786069000,host,1.2.1,0x81,0x01,
227,42.788458000,1.2.1,host,0x81,0x01,00343d223a20312c226e6f64654964223a202264656c6179227d7d2c7b22696e707574223a207b22696e646578223a20302c226e6f64654964223a202264656c
228,42.788528000,host,1.2.1,0x81,0x01,
229,42.790951000,1.2.1,host,0x81,0x01,00343d6179227d2c226f7574707574223a207b22696e646578223a20302c226e6f64654964223a2022726576657262227d7d2c7b22696e707574223a207b2269
230,42.791067000,host,1.2.1,0x81,0x01,
231,42.791784000,1.2.1,host,0x81,0x01,00343d6e646578223a20312c226e6f64654964223a202264656c6179227d2c226f7574707574223a207b22696e646578223a20312c226e6f64654964223a2022
232,42.791805000,host,1.2.1,0x81,0x01,
233,42.792880000,1.2.1,host,0x81,0x01,00343d726576657262227d7d2c7b22696e707574223a207b22696e646578223a20302c226e6f64654964223a2022726576657262227d2c226f7574707574223a
234,42.792906000,host,1.2.1,0x81,0x01,
235,42.794005000,1.2.1,host,0x81,0x01,00343d207b22696e646578223a20302c226e6f64654964223a2022707265736574227d7d2c7b22696e707574223a207b22696e646578223a20312c226e6f6465
236,42.794028000,host,1.2.1,0x81,0x01,
237,42.795127000,1.2.1,host,0x81,0x01,00343d4964223a2022726576657262227d2c226f7574707574223a207b22696e646578223a20312c226e6f64654964223a2022707265736574227d7d5d2c226e
238,42.795147000,host,1.2.1,0x81,0x01,
239,42.796248000,1.2.1,host,0x81,0x01,00343d6f646573223a205b7b22647370556e6974506172616d6574657273223a207b2262797061737354797065223a2022506f7374222c226c6576656c223a20
240,42.796265000,host,1.2.1,0x81,0x01,
241,42.797374000,1.2.1,host,0x81,0x01,00343d302e3434343434342c226d6964223a20302e352c2268696768223a20302e352c226c6f77223a20302e352c22627970617373223a2066616c73652c2267
242,42.797406000,host,1.2.1,0x81,0x01,
243,42.798502000,1.2.1,host,0x81,0x01,00343d61696e223a20302e3635333933357d2c2246656e6465724964223a2022445542535f4f7665726472697665222c226e6f646554797065223a2022647370
244,42.798534000,host,1.2.1,0x81,0x01,
245,42.799623000,1.2.1,host,0x81,0x01,00343d556e6974222c226e6f64654964223a202273746f6d70227d2c7b22647370556e6974506172616d6574657273223a207b7d2c2246656e6465724964223a
246,42.799655000,host,1.2.1,0x81,0x01,
247,42.800805000,1.2.1,host,0x81,0x01,00343d2022445542535f5061737374687275222c226e6f646554797065223a2022647370556e6974222c226e6f64654964223a20226d6f64227d2c7b22647370
248,42.800823000,host,1.2.1,0x81,0x01,
249,42.801932000,1.2.1,host,0x81,0x01,00343d556e6974506172616d6574657273223a207b226761696e32223a20302e352c2263616273696d54797065223a2022317831327373222c2274726562223a
250,42.801949000,host,1.2.1,0x81,0x01,
251,42.803074000,1.2.1,host,0x81,0x01,00343d20302e3732323232322c22736167223a20226d61746368222c226d6964223a20302e3732323232322c22766f6c756d65223a202d31342e383439323338
252,42.803092000,host,1.2.1,0x81,0x01,
253,42.804174000,1.2.1,host,0x81,0x01,00343d2c22676174654465746563746f72506f736974696f6e223a20226a61636b222c2262696173223a20302e352c226d6173746572223a20302e3336303738
254,42.804191000,host,1.2.1,0x81,0x01,
255,42.805269000,1.2.1,host,0x81,0x01,00343d342c226761696e223a20302e3333333333332c2267617465507265736574223a20226d6964222c2262617373223a20302e3636363636377d2c2246656e
256,42.805315000,host,1.2.1,0x81,0x01,
257,42.806423000,1.2.1,host,0x81,0x01,00343d6465724964223a2022445542535f5375706572536f6e6963222c226e6f646554797065223a2022647370556e6974222c226e6f64654964223a2022616d
258,42.806448000,host,1.2.1,0x81,0x01,
259,42.807547000,1.2.1,host,0x81,0x01,00343d70227d2c7b22647370556e6974506172616d6574657273223a207b226e6f74654469766973696f6e223a20226f6666222c226279706173735479706522
260,42.807571000,host,1.2.1,0x81,0x01,
261,42.808644000,1.2.1,host,0x81,0x01,00343d3a2022506f7374222c22776f774c6576656c223a20312c22666565646261636b223a20302e3034343434342c2274617054696d6542504d223a20313230
262,42.808675000,host,1.2.1,0x81,0x01,
263,42.809770000,1.2.1,host,0x81,0x01,00343d2c22646c7954696d65223a20302e31382c22627970617373223a2066616c73652c227765744c766c223a20302e3232332c2273746572656f5370726561
264,42.809802000,host,1.2.1,0x81,0x01,
265,42.810956000,1.2.1,host,0x81,0x01,00343d64223a20307d2c2246656e6465724964223a2022445542535f5461706544656c61794c697465222c226e6f646554797065223a2022647370556e697422
266,42.810978000,host,1.2.1,0x81,0x01,
267,42.812075000,1.2.1,host,0x81,0x01,00343d2c226e6f64654964223a202264656c6179227d2c7b22647370556e6974506172616d6574657273223a207b2262797061737354797065223a2022506f73
268,42.812108000,host,1.2.1,0x81,0x01,
269,42.813177000,1.2.1,host,0x81,0x01,00343d74222c22746f6e65223a20312c226465636179223a20302e3133333333332c22627970617373223a2066616c73652c227765744c766c223a20302e3237
270,42.813200000,host,1.2.1,0x81,0x01,
271,42.814238000,1.2.1,host,0x81,0x01,00343d373737382c226477656c6c223a20302e32383838392c2264696666757365223a20317d2c2246656e6465724964223a2022445542535f537072696e6736
272,42.814255000,host,1.2.1,0x81,0x01,
273,42.815366000,1.2.1,host,0x81,0x01,00343d35222c226e6f646554797065223a2022647370556e6974222c226e6f64654964223a2022726576657262227d5d7d2c226e6f64654964223a2022707265
274,42.815384000,host,1.2.1,0x81,0x01,
275,42.816512000,1.2.1,host,0x81,0x01,003537736574222c2276657273696f6e223a2022312e31222c226e756d4f757470757473223a20322c226e756d496e70757473223a20327d1002223a20227072
276,42.816543000,host,1.2.1,0x81,0x01,
277,42.817651000,host,1.2.1,0x01,0x01,35070800ca0602080302010100100010000101010101010101010101010101010101010101010101061000010101010101010101010610000101010101010100
278,42.819992000,1.2.1,host,0x01,0x01,
279,42.822160000,1.2.1,host,0x81,0x01,00333d0802fa0186120a81127b226e6f646554797065223a2022707265736574222c226e6f64654964223a2022707265736574222c2276657273696f6e223a20
280,42.822192000,host,1.2.1,0x81,0x01,
281,42.824987000,1.2.1,host,0x81,0x01,00343d22312e31222c226e756d496e70757473223a20322c226e756d4f757470757473223a20322c22696e666f223a207b22646973706c61794e616d65223a20
282,42.825024000,host,1.2.1,0x81,0x01,
283,42.827125000,1.2.1,host,0x81,0x01,00343d224348494341474f20424c554553202020222c227072657365745f6964223a202238323730316533652d636166372d313165372d623732312d31373165
284,42.827233000,host,1.2.1,0x81,0x01,
285,42.828254000,1.2.1,host,0x81,0x01,00343d3663376433303930222c22617574686f72223a2022222c22736f757263655f6964223a2022222c2274696d657374616d70223a20313531303835353030
286,42.828318000,host,1.2.1,0x81,0x01,
287,42.829382000,1.2.1,host,0x81,0x01,00343d352c22637265617465645f6174223a20302c2270726f647563745f6964223a20226d757374616e672d6c74222c2269735f666163746f72795f64656661
288,42.829410000,host,1.2.1,0x81,0x01,
289,42.830656000,1.2.1,host,0x81,0x01,00343d756c74223a20747275652c2262706d223a20307d2c22617564696f4772617068223a207b226e6f646573223a205b7b22647370556e6974506172616d65
290,42.830666000,host,1.2.1,0x81,0x01,
291,42.831867000,1.2.1,host,0x81,0x01,00343d74657273223a207b7d2c2246656e6465724964223a2022445542535f5061737374687275222c226e6f646554797065223a2022647370556e6974222c22
292,42.831888000,host,1.2.1,0x81,0x01,
293,42.834271000,1.2.1,host,0x81,0x01,00343d6e6f64654964223a202273746f6d70227d2c7b22647370556e6974506172616d6574657273223a207b7d2c2246656e6465724964223a2022445542535f
294,42.834298000,host,1.2.1,0x81,0x01,
295,42.836723000,1.2.1,host,0x81,0x01,00343d5061737374687275222c226e6f646554797065223a2022647370556e6974222c226e6f64654964223a20226d6f64227d2c7b226e6f64654964223a2022
296,42.836759000,host,1.2.1,0x81,0x01,
297,42.839189000,1.2.1,host,0x81,0x01,00343d616d70222c226e6f646554797065223a2022647370556e6974222c2246656e6465724964223a2022445542535f426173736d616e3539222c2264737055
298,42.839294000,host,1.2.1,0x81,0x01,
299,42.841533000,1.2.1,host,0x81,0x01,00343d6e6974506172616d6574657273223a207b22766f6c756d65223a202d31342e3431333939382c2267617465507265736574223a20226f6666222c226761
300,42.841666000,host,1.2.1,0x81,0x01,
301,42.841694000,1.2.1,host,0x81,0x01,00343d74654465746563746f72506f736974696f6e223a20226a61636b222c2263616273696d54797065223a20223539626d616e222c226761696e223a20302e
302,42.841697000,host,1.2.1,0x81,0x01,
303,42.847845000,1.2.1,host,0x81,0x01,00343d3535353535362c2274726562223a20302e3337373737382c226d6964223a20302e34392c2262617373223a20302e36322c22736167223a20226d617463
304,42.847883000,host,1.2.1,0x81,0x01,
305,42.850253000,1.2.1,host,0x81,0x01,00343d68222c2262696173223a20302e352c2270726573656e6365223a20302e36322c22626c656e64223a20302e36327d7d2c7b226e6f64654964223a202264
306,42.850271000,host,1.2.1,0x81,0x01,
307,42.851478000,1.2.1,host,0x81,0x01,00343d656c6179222c226e6f646554797065223a2022647370556e6974222c2246656e6465724964223a2022445542535f4d6f6e6f44656c6179222c22647370
308,42.851497000,host,1.2.1,0x81,0x01,
309,42.852602000,1.2.1,host,0x81,0x01,00343d556e6974506172616d6574657273223a207b22627970617373223a2066616c73652c2262797061737354797065223a2022507265222c226c6576656c22
310,42.852619000,host,1.2.1,0x81,0x01,
311,42.853742000,1.2.1,host,0x81,0x01,00343d3a20302e3238383838392c2274696d65223a20302e3039352c2274617054696d6542504d223a203633312e3537383835372c226e6f7465446976697369
312,42.853760000,host,1.2.1,0x81,0x01,
313,42.854873000,1.2.1,host,0x81,0x01,00343d6f6e223a20226f6666222c22666565646261636b223a20302e3232323232322c226272697465223a20302e352c22617474656e75617465223a20302e35
314,42.854906000,host,1.2.1,0x81,0x01,
315,42.855979000,1.2.1,host,0x81,0x01,00343d7d7d2c7b226e6f64654964223a2022726576657262222c226e6f646554797065223a2022647370556e6974222c2246656e6465724964223a2022445542
316,42.855995000,host,1.2.1,0x81,0x01,
317,42.857068000,1.2.1,host,0x81,0x01,00343d535f536d616c6c526f6f6d526576657262222c22647370556e6974506172616d6574657273223a207b22627970617373223a2066616c73652c22627970
318,42.857086000,host,1.2.1,0x81,0x01,
319,42.858240000,1.2.1,host,0x81,0x01,00343d61737354797065223a2022507265222c226c6576656c223a20302e333131382c226465636179223a20302e352c226477656c6c223a20302e352c226469
320,42.858256000,host,1.2.1,0x81,0x01,
321,42.859306000,1.2.1,host,0x81,0x01,00343d6666757365223a20302e352c22746f6e65223a20302e357d7d5d2c22636f6e6e656374696f6e73223a205b7b22696e707574223a207b22696e64657822
322,42.859322000,host,1.2.1,0x81,0x01,
323,42.860483000,1.2.1,host,0x81,0x01,00343d3a20302c226e6f64654964223a2022707265736574227d2c226f7574707574223a207b22696e646578223a20302c226e6f64654964223a202273746f6d
324,42.860499000,host,1.2.1,0x81,0x01,
325,42.861620000,1.2.1,host,0x81,0x01,00343d70227d7d2c7b22696e707574223a207b22696e646578223a20312c226e6f64654964223a2022707265736574227d2c226f7574707574223a207b22696e
326,42.861637000,host,1.2.1,0x81,0x01,
327,42.862742000,1.2.1,host,0x81,0x01,00343d646578223a20312c226e6f64654964223a202273746f6d70227d7d2c7b22696e707574223a207b22696e646578223a20302c226e6f64654964223a2022
328,42.862758000,host,1.2.1,0x81,0x01,
329,42.863872000,1.2.1,host,0x81,0x01,00343d73746f6d70227d2c226f7574707574223a207b22696e646578223a20302c226e6f64654964223a20226d6f64227d7d2c7b22696e707574223a207b2269
330,42.863888000,host,1.2.1,0x81,0x01,
331,42.864993000,1.2.1,host,0x81,0x01,00343d6e646578223a20312c226e6f64654964223a202273746f6d70227d2c226f7574707574223a207b22696e646578223a20312c226e6f64654964223a2022
332,42.865009000,host,1.2.1,0x81,0x01,
333,42.866123000,1.2.1,host,0x81,0x01,00343d6d6f64227d7d2c7b22696e707574223a207b22696e646578223a20302c226e6f64654964223a20226d6f64227d2c226f7574707574223a207b22696e64
334,42.866142000,host,1.2.1,0x81,0x01,
335,42.867252000,1.2.1,host,0x81,0x01,00343d6578223a20302c226e6f64654964223a2022616d70227d7d2c7b22696e707574223a207b22696e646578223a20312c226e6f64654964223a20226d6f64
336,42.867269000,host,1.2.1,0x81,0x01,
337,42.868385000,1.2.1,host,0x81,0x01,00343d227d2c226f7574707574223a207b22696e646578223a20312c226e6f64654964223a2022616d70227d7d2c7b22696e707574223a207b22696e64657822
338,42.868416000,host,1.2.1,0x81,0x01,
339,42.869507000,1.2.1,host,0x81,0x01,00343d3a20302c226e6f64654964223a2022616d70227d2c226f7574707574223a207b22696e646578223a20302c226e6f64654964223a202264656c6179227d
340,42.869523000,host,1.2.1,0x81,0x01,
341,42.870628000,1.2.1,host,0x81,0x01,00343d7d2c7b22696e707574223a207b22696e646578223a20312c226e6f64654964223a2022616d70227d2c226f7574707574223a207b22696e646578223a20
342,42.870644000,host,1.2.1,0x81,0x01,
343,42.871753000,1.2.1,host,0x81,0x01,00343d312c226e6f64654964223a202264656c6179227d7d2c7b22696e707574223a207b22696e646578223a20302c226e6f64654964223a202264656c617922
344,42.871769000,host,1.2.1,0x81,0x01,
345,42.872877000,1.2.1,host,0x81,0x01,00343d7d2c226f7574707574223a207b22696e646578223a20302c226e6f64654964223a2022726576657262227d7d2c7b22696e707574223a207b22696e6465
346,42.872893000,host,1.2.1,0x81,0x01,
347,42.874004000,1.2.1,host,0x81,0x01,00343d78223a20312c226e6f64654964223a202264656c6179227d2c226f7574707574223a207b22696e646578223a20312c226e6f64654964223a2022726576
348,42.874020000,host,1.2.1,0x81,0x01,
349,42.875128000,1.2.1,host,0x81,0x01,00343d657262227d7d2c7b22696e707574223a207b22696e646578223a20302c226e6f64654964223a2022726576657262227d2c226f7574707574223a207b22
350,42.875147000,host,1.2.1,0x81,0x01,
351,42.876320000,1.2.1,host,0x81,0x01,00343d696e646578223a20302c226e6f64654964223a2022707265736574227d7d2c7b22696e707574223a207b22696e646578223a20312c226e6f6465496422
352,42.876359000,host,1.2.1,0x81,0x01,
353,42.877396000,1.2.1,host,0x81,0x01,00353b3a2022726576657262227d2c226f7574707574223a207b22696e646578223a20312c226e6f64654964223a2022707265736574227d7d5d7d7d10034964
354,42.877415000,host,1.2.1,0x81,0x01,
355,42.879063000,host,1.2.1,0x01,0x01,35070800ca0602080403020101001000100001010101010101010101010101010101010101010101010610000101010101010101010106100001010101010100
356,42.882070000,1.2.1,host,0x01,0x01,
357,42.883010000,1.2.1,host,0x81,0x01,00333d0802fa01e4100adf107b22696e666f223a207b22646973706c61794e616d65223a2022434c415353494320524f434b20202020222c2270726f64756374
358,42.883027000,host,1.2.1,0x81,0x01,
359,42.884144000,1.2.1,host,0x81,0x01,00343d5f6964223a20226d757374616e672d6c74222c22617574686f72223a2022222c2274696d657374616d70223a20313531303835353030352c2263726561
360,42.884173000,host,1.2.1,0x81,0x01,
361,42.885242000,1.2.1,host,0x81,0x01,00343d7465645f6174223a20302c2262706d223a20302c227072657365745f6964223a202238323730316533652d636166372d313165372d623732312d313731
362,42.885271000,host,1.2.1,0x81,0x01,
363,42.886415000,1.2.1,host,0x81,0x01,00343d653663376433303930222c22736f757263655f6964223a2022222c2269735f666163746f72795f64656661756c74223a20747275657d2c226e6f646554
364,42.886433000,host,1.2.1,0x81,0x01,
365,42.887514000,1.2.1,host,0x81,0x01,00343d797065223a2022707265736574222c22617564696f4772617068223a207b22636f6e6e656374696f6e73223a205b7b22696e707574223a207b22696e64
366,42.887524000,host,1.2.1,0x81,0x01,
367,42.888651000,1.2.1,host,0x81,0x01,00343d6578223a20302c226e6f64654964223a2022707265736574227d2c226f7574707574223a207b22696e646578223a20302c226e6f64654964223a202273
368,42.888684000,host,1.2.1,0x81,0x01,
369,42.889767000,1.2.1,host,0x81,0x01,00343d746f6d70227d7d2c7b22696e707574223a207b22696e646578223a20312c226e6f64654964223a2022707265736574227d2c226f7574707574223a207b
370,42.889798000,host,1.2.1,0x81,0x01,
371,42.890898000,1.2.1,host,0x81,0x01,00343d22696e646578223a20312c226e6f64654964223a202273746f6d70227d7d2c7b22696e707574223a207b22696e646578223a20302c226e6f6465496422
372,42.890929000,host,1.2.1,0x81,0x01,
373,42.892028000,1.2.1,host,0x81,0x01,00343d3a202273746f6d70227d2c226f7574707574223a207b22696e646578223a20302c226e6f64654964223a20226d6f64227d7d2c7b22696e707574223a20
374,42.892060000,host,1.2.1,0x81,0x01,
375,42.895005000,1.2.1,host,0x81,0x01,00343d7b22696e646578223a20312c226e6f64654964223a202273746f6d70227d2c226f7574707574223a207b22696e646578223a20312c226e6f6465496422
376,42.895080000,host,1.2.1,0x81,0x01,
377,42.897023000,1.2.1,host,0x81,0x01,00343d3a20226d6f64227d7d2c7b22696e707574223a207b22696e646578223a20302c226e6f64654964223a20226d6f64227d2c226f7574707574223a207b22
378,42.897076000,host,1.2.1,0x81,0x01,
379,42.898179000,1.2.1,host,0x81,0x01,00343d696e646578223a20302c226e6f64654964223a2022616d70227d7d2c7b22696e707574223a207b22696e646578223a20312c226e6f64654964223a2022
380,42.898205000,host,1.2.1,0x81,0x01,
381,42.899393000,1.2.1,host,0x81,0x01,00343d6d6f64227d2c226f7574707574223a207b22696e646578223a20312c226e6f64654964223a2022616d70227d7d2c7b22696e707574223a207b22696e64
382,42.899415000,host,1.2.1,0x81,0x01,
383,42.901772000,1.2.1,host,0x81,0x01,00343d6578223a20302c226e6f64654964223a2022616d70227d2c226f7574707574223a207b22696e646578223a20302c226e6f64654964223a202264656c61
384,42.901824000,host,1.2.1,0x81,0x01,
385,42.904244000,1.2.1,host,0x81,0x01,00343d79227d7d2c7b22696e707574223a207b22696e646578223a20312c226e6f64654964223a2022616d70227d2c226f7574707574223a207b22696e646578
386,42.904267000,host,1.2.1,0x81,0x01,
387,42.906703000,1.2.1,host,0x81,0x01,00343d223a20312c226e6f64654964223a202264656c6179227d7d2c7b22696e707574223a207b22696e646578223a20302c226e6f64654964223a202264656c
388,42.906743000,host,1.2.1,0x81,0x01,
389,42.907871000,1.2.1,host,0x81,0x01,00343d6179227d2c226f7574707574223a207b22696e646578223a20302c226e6f64654964223a2022726576657262227d7d2c7b22696e707574223a207b2269
390,42.907906000,host,1.2.1,0x81,0x01,
391,42.909090000,1.2.1,host,0x81,0x01,00343d6e646578223a20312c226e6f64654964223a202264656c6179227d2c226f7574707574223a207b22696e646578223a20312c226e6f64654964223a2022
392,42.910084000,host,1.2.1,0x81,0x01,
393,42.910183000,1.2.1,host,0x81,0x01,00343d726576657262227d7d2c7b22696e707574223a207b22696e646578223a20302c226e6f64654964223a2022726576657262227d2c226f7574707574223a
394,42.910192000,host,1.2.1,0x81,0x01,
395,42.912334000,1.2.1,host,0x81,0x01,00343d207b22696e646578223a20302c226e6f64654964223a2022707265736574227d7d2c7b22696e707574223a207b22696e646578223a20312c226e6f6465
396,42.912374000,host,1.2.1,0x81,0x01,
397,42.913479000,1.2.1,host,0x81,0x01,00343d4964223a2022726576657262227d2c226f7574707574223a207b22696e646578223a20312c226e6f64654964223a2022707265736574227d7d5d2c226e
398,42.913533000,host,1.2.1,0x81,0x01,
399,42.915525000,1.2.1,host,0x81,0x01,00343d6f646573223a205b7b22647370556e6974506172616d6574657273223a207b7d2c2246656e6465724964223a2022445542535f5061737374687275222c
400,42.915548000,host,1.2.1,0x81,0x01,
401,42.917833000,1.2.1,host,0x81,0x01,00343d226e6f646554797065223a2022647370556e6974222c226e6f64654964223a202273746f6d70227d2c7b22647370556e6974506172616d657465727322
402,42.917852000,host,1.2.1,0x81,0x01,
403,42.920298000,1.2.1,host,0x81,0x01,00343d3a207b7d2c2246656e6465724964223a2022445542535f5061737374687275222c226e6f646554797065223a2022647370556e6974222c226e6f646549
404,42.920331000,host,1.2.1,0x81,0x01,
405,42.921350000,1.2.1,host,0x81,0x01,00343d64223a20226d6f64227d2c7b22647370556e6974506172616d6574657273223a207b2263616273696d54797065223a20223478313267222c2270726573
406,42.921369000,host,1.2.1,0x81,0x01,
407,42.922499000,1.2.1,host,0x81,0x01,00343d656e6365223a20302e352c2274726562223a20312c22736167223a20226d61746368222c226d6964223a202d342e3430303132352c22766f6c756d6522
408,42.922518000,host,1.2.1,0x81,0x01,
409,42.923633000,1.2.1,host,0x81,0x01,00343d3a202d362e3530363832342c22676174654465746563746f72506f736974696f6e223a20226a61636b222c2262696173223a20302e352c226761696e22
410,42.923652000,host,1.2.1,0x81,0x01,
411,42.924759000,1.2.1,host,0x81,0x01,00343d3a20302e3736363636372c2267617465507265736574223a20226c6f77222c22626c656e64223a20302e352c2262617373223a20302e3436363636377d
412,42.924778000,host,1.2.1,0x81,0x01,
413,42.925889000,1.2.1,host,0x81,0x01,00343d2c2246656e6465724964223a2022445542535f506c6578693837222c226e6f646554797065223a2022647370556e6974222c226e6f64654964223a2022
414,42.925908000,host,1.2.1,0x81,0x01,
415,42.926987000,1.2.1,host,0x81,0x01,00343d616d70227d2c7b22647370556e6974506172616d6574657273223a207b7d2c2246656e6465724964223a2022445542535f5061737374687275222c226e
416,42.927005000,host,1.2.1,0x81,0x01,
417,42.928144000,1.2.1,host,0x81,0x01,00343d6f646554797065223a2022647370556e6974222c226e6f64654964223a202264656c6179227d2c7b22647370556e6974506172616d6574657273223a20
418,42.928162000,host,1.2.1,0x81,0x01,
419,42.929281000,1.2.1,host,0x81,0x01,00343d7b2262797061737354797065223a2022506f7374222c22746f6e65223a20302e3734343434342c226465636179223a20302e3637373737382c226c6576
420,42.929298000,host,1.2.1,0x81,0x01,
421,42.930338000,1.2.1,host,0x81,0x01,00343d656c223a20302e3136363636372c22627970617373223a2066616c73652c226477656c6c223a20302e352c2264696666757365223a20302e357d2c2246
422,42.930367000,host,1.2.1,0x81,0x01,
423,42.931600000,1.2.1,host,0x81,0x01,00343d656e6465724964223a2022445542535f4c61726765506c617465222c226e6f646554797065223a2022647370556e6974222c226e6f64654964223a2022
424,42.931620000,host,1.2.1,0x81,0x01,
425,42.932635000,1.2.1,host,0x81,0x01,00343d726576657262227d5d7d2c226e6f64654964223a2022707265736574222c2276657273696f6e223a2022312e31222c226e756d4f757470757473223a20
426,42.932655000,host,1.2.1,0x81,0x01,
427,42.933709000,1.2.1,host,0x81,0x01,003513322c226e756d496e70757473223a20327d1004223a2022707265736574222c2276657273696f6e223a2022312e31222c226e756d4f757470757473223a
428,42.933727000,host,1.2.1,0x81,0x01,
429,42.934205000,host,1.2.1,0x01,0x01,35070800ca0602080504030201010010001000010101010101010101010101010101010101010101010106100001010101010101010101061000010101010100
430,42.935985000,1.2.1,host,0x01,0x01,
431,42.938221000,1.2.1,host,0x81,0x01,00333d0802fa01d5130ad0137b22696e666f223a207b22646973706c61794e616d65223a2022445245414d5920202020202020202020222c2270726f64756374
432,42.938245000,host,1.2.1,0x81,0x01,
433,42.939362000,1.2.1,host,0x81,0x01,00343d5f6964223a20226d757374616e672d6c74222c22617574686f72223a2022222c2274696d657374616d70223a20313531303835353030352c2263726561
434,42.939380000,host,1.2.1,0x81,0x01,
435,42.940500000,1.2.1,host,0x81,0x01,00343d7465645f6174223a20302c2262706d223a20302c227072657365745f6964223a202238323730316533652d636166372d313165372d623732312d313731
436,42.940532000,host,1.2.1,0x81,0x01,
437,42.941624000,1.2.1,host,0x81,0x01,00343d653663376433303930222c22736f757263655f6964223a2022222c2269735f666163746f72795f64656661756c74223a20747275657d2c226e6f646554
438,42.941654000,host,1.2.1,0x81,0x01,
439,42.942747000,1.2.1,host,0x81,0x01,00343d797065223a2022707265736574222c22617564696f4772617068223a207b22636f6e6e656374696f6e73223a205b7b22696e707574223a207b22696e64
440,42.942775000,host,1.2.1,0x81,0x01,
441,42.943890000,1.2.1,host,0x81,0x01,00343d6578223a20302c226e6f64654964223a2022707265736574227d2c226f7574707574223a207b22696e646578223a20302c226e6f64654964223a202273
442,42.943912000,host,1.2.1,0x81,0x01,
443,42.945005000,1.2.1,host,0x81,0x01,00343d746f6d70227d7d2c7b22696e707574223a207b22696e646578223a20312c226e6f64654964223a2022707265736574227d2c226f7574707574223a207b
444,42.945035000,host,1.2.1,0x81,0x01,
445,42.947898000,1.2.1,host,0x81,0x01,00343d22696e646578223a20312c226e6f64654964223a202273746f6d70227d7d2c7b22696e707574223a207b22696e646578223a20302c226e6f6465496422
446,42.947953000,host,1.2.1,0x81,0x01,
447,42.948381000,1.2.1,host,0x81,0x01,00343d3a202273746f6d70227d2c226f7574707574223a207b22696e646578223a20302c226e6f64654964223a20226d6f64227d7d2c7b22696e707574223a20
448,42.948400000,host,1.2.1,0x81,0x01,
449,42.949578000,1.2.1,host,0x81,0x01,00343d7b22696e646578223a20312c226e6f64654964223a202273746f6d70227d2c226f7574707574223a207b22696e646578223a20312c226e6f6465496422
450,42.949639000,host,1.2.1,0x81,0x01,
451,42.951951000,1.2.1,host,0x81,0x01,00343d3a20226d6f64227d7d2c7b22696e707574223a207b22696e646578223a20302c226e6f64654964223a20226d6f64227d2c226f7574707574223a207b22
452,42.951988000,host,1.2.1,0x81,0x01,
453,42.952907000,1.2.1,host,0x81,0x01,00343d696e646578223a20302c226e6f64654964223a2022616d70227d7d2c7b22696e707574223a207b22696e646578223a20312c226e6f64654964223a2022
454,42.952960000,host,1.2.1,0x81,0x01,
455,42.954015000,1.2.1,host,0x81,0x01,00343d6d6f64227d2c226f7574707574223a207b22696e646578223a20312c226e6f64654964223a2022616d70227d7d2c7b22696e707574223a207b22696e64
456,42.954060000,host,1.2.1,0x81,0x01,
457,42.955132000,1.2.1,host,0x81,0x01,00343d6578223a20302c226e6f64654964223a2022616d70227d2c226f7574707574223a207b22696e646578223a20302c226e6f64654964223a202264656c61
458,42.955171000,host,1.2.1,0x81,0x01,
459,42.956261000,1.2.1,host,0x81,0x01,00343d79227d7d2c7b22696e707574223a207b22696e646578223a20312c226e6f64654964223a2022616d70227d2c226f7574707574223a207b22696e646578
460,42.956295000,host,1.2.1,0x81,0x01,
461,42.957392000,1.2.1,host,0x81,0x01,00343d223a20312c226e6f64654964223a202264656c6179227d7d2c7b22696e707574223a207b22696e646578223a20302c226e6f64654964223a202264656c
462,42.957422000,host,1.2.1,0x81,0x01,
463,42.958573000,1.2.1,host,0x81,0x01,00343d6179227d2c226f7574707574223a207b22696e646578223a20302c226e6f64654964223a2022726576657262227d7d2c7b22696e707574223a207b2269
464,42.958601000,host,1.2.1,0x81,0x01,
465,42.959709000,1.2.1,host,0x81,0x01,00343d6e646578223a20312c226e6f64654964223a202264656c6179227d2c226f7574707574223a207b22696e646578223a20312c226e6f64654964223a2022
466,42.959760000,host,1.2.1,0x81,0x01,
467,42.960839000,1.2.1,host,0x81,0x01,00343d726576657262227d7d2c7b22696e707574223a207b22696e646578223a20302c226e6f64654964223a2022726576657262227d2c226f7574707574223a
468,42.960881000,host,1.2.1,0x81,0x01,
469,42.961999000,1.2.1,host,0x81,0x01,00343d207b22696e646578223a20302c226e6f64654964223a2022707265736574227d7d2c7b22696e707574223a207b22696e646578223a20312c226e6f6465
470,42.962050000,host,1.2.1,0x81,0x01,
471,42.963146000,1.2.1,host,0x81,0x01,00343d4964223a2022726576657262227d2c226f7574707574223a207b22696e646578223a20312c226e6f64654964223a2022707265736574227d7d5d2c226e
472,42.963212000,host,1.2.1,0x81,0x01,
473,42.964372000,1.2.1,host,0x81,0x01,00343d6f646573223a205b7b22647370556e6974506172616d6574657273223a207b2262797061737354797065223a2022506f7374222c2274797065223a2022
474,42.964400000,host,1.2.1,0x81,0x01,
475,42.965354000,1.2.1,host,0x81,0x01,00343d68696768222c22627970617373223a2066616c73657d2c2246656e6465724964223a2022445542535f53696d706c65436f6d70726573736f72222c226e
476,42.965392000,host,1.2.1,0x81,0x01,
477,42.966422000,1.2.1,host,0x81,0x01,00343d6f646554797065223a2022647370556e6974222c226e6f64654964223a202273746f6d70227d2c7b22647370556e6974506172616d6574657273223a20
478,42.966450000,host,1.2.1,0x81,0x01,
479,42.968476000,1.2.1,host,0x81,0x01,00343d7b22726f746f72223a20312e30372c2262797061737354797065223a2022506f7374222c22666565646261636b223a20302e36382c226e6f7465446976
480,42.968527000,host,1.2.1,0x81,0x01,
481,42.970886000,1.2.1,host,0x81,0x01,00343d6973696f6e223a20226f6666222c226c6576656c223a20302e39362c2274617054696d6542504d223a203132302c226465707468223a20302e31382c22
482,42.970958000,host,1.2.1,0x81,0x01,
483,42.972060000,1.2.1,host,0x81,0x01,00343d627970617373223a2066616c73652c227068617365223a20302e35327d2c2246656e6465724964223a2022445542535f5669627261746f6e65222c226e
484,42.972087000,host,1.2.1,0x81,0x01,
485,42.973193000,1.2.1,host,0x81,0x01,00343d6f646554797065223a2022647370556e6974222c226e6f64654964223a20226d6f64227d2c7b22647370556e6974506172616d6574657273223a207b22
486,42.973217000,host,1.2.1,0x81,0x01,
487,42.974311000,1.2.1,host,0x81,0x01,00343d627269676874223a20747275652c2263616273696d54797065223a2022363574776e222c2274726562223a20302e3731373634372c22736167223a2022
488,42.974364000,host,1.2.1,0x81,0x01,
489,42.975436000,1.2.1,host,0x81,0x01,00343d6d61746368222c226d6964223a20302e3738303339322c22766f6c756d65223a202d31342e3431333939382c22676174654465746563746f72506f7369
490,42.975478000,host,1.2.1,0x81,0x01,
491,42.976547000,1.2.1,host,0x81,0x01,00343d74696f6e223a20226a61636b222c2262696173223a20302e352c226761696e223a20302e3333373235352c2267617465507265736574223a20226f6666
492,42.976580000,host,1.2.1,0x81,0x01,
493,42.977766000,1.2.1,host,0x81,0x01,00343d222c2262617373223a20302e3636323734357d2c2246656e6465724964223a2022445542535f5477696e3635222c226e6f646554797065223a20226473
494,42.977787000,host,1.2.1,0x81,0x01,
495,42.978797000,1.2.1,host,0x81,0x01,00343d70556e6974222c226e6f64654964223a2022616d70227d2c7b22647370556e6974506172616d6574657273223a207b226e6f74654469766973696f6e22
496,42.978824000,host,1.2.1,0x81,0x01,
497,42.979958000,1.2.1,host,0x81,0x01,00343d3a20226f6666222c2262797061737354797065223a2022506f7374222c22776f774c6576656c223a20302e352c22666565646261636b223a20302e3231
498,42.979981000,host,1.2.1,0x81,0x01,
499,42.981138000,1.2.1,host,0x81,0x01,00343d313131312c2274617054696d6542504d223a203132302c22646c7954696d65223a20302e3235333838382c22627970617373223a2066616c73652c2277
500,42.981173000,host,1.2.1,0x81,0x01,
501,42.985175000,1.2.1,host,0x81,0x01,00343d65744c766c223a20302e343637322c2273746572656f537072656164223a20307d2c2246656e6465724964223a2022445542535f5461706544656c6179
502,42.985231000,host,1.2.1,0x81,0x01,
503,42.987668000,1.2.1,host,0x81,0x01,00343d4c697465222c226e6f646554797065223a2022647370556e6974222c226e6f64654964223a202264656c6179227d2c7b22647370556e6974506172616d
504,42.987702000,host,1.2.1,0x81,0x01,
505,42.990015000,1.2.1,host,0x81,0x01,00343d6574657273223a207b2262797061737354797065223a2022506f7374222c22746f6e65223a20302e3833333333332c226465636179223a20302e352c22
506,42.990044000,host,1.2.1,0x81,0x01,
507,42.992457000,1.2.1,host,0x81,0x01,00343d6c6576656c223a20302e3433333333332c22627970617373223a2066616c73652c226477656c6c223a20302e352c2264696666757365223a20302e357d
508,42.992482000,host,1.2.1,0x81,0x01,
509,42.993512000,1.2.1,host,0x81,0x01,00343d2c2246656e6465724964223a2022445542535f4c61726765506c617465222c226e6f646554797065223a2022647370556e6974222c226e6f6465496422
510,42.993537000,host,1.2.1,0x81,0x01,
511,42.994630000,1.2.1,host,0x81,0x01,00343d3a2022726576657262227d5d7d2c226e6f64654964223a2022707265736574222c2276657273696f6e223a2022312e31222c226e756d4f757470757473
512,42.994651000,host,1.2.1,0x81,0x01,
513,42.995799000,1.2.1,host,0x81,0x01,003516223a20322c226e756d496e70757473223a20327d1005223a2022707265736574222c2276657273696f6e223a2022312e31222c226e756d4f7574707574
514,42.995820000,host,1.2.1,0x81,0x01,
