frame.number,frame.time_relative,hci_h4.direction,hci_h4.type,bthci_cmd.opcode,bthci_evt.code,bthci_evt.opcode,btatt.opcode,btatt.handle,btatt.value
480,30.053358000,0x00,0x02,,,,0x52,0x001b,3500050a03ca0100
481,30.069448000,0x00,0x02,,,,0x52,0x001b,3500041a020801
482,30.082771000,0x01,0x04,,0x13,,,,
483,30.082956000,0x01,0x02,,,,,,
484,30.083038000,0x01,0x04,,0x13,,,,
485,30.083097000,0x01,0x02,,,,0x1b,0x0017,33007512d908080262d4080a0d44726976656e2044656c7578650a0d5374616469756d204c656164200a0f537769726c696e67204563686f65730a0a4d6574616c20323030300a094242313520536f6c6f0a08486579204a696d690a095477696e205472656d0a0b56696272612044726976650a0a556265
486,30.083151000,0x01,0x04,,0x13,,,,
487,30.172419000,0x01,0x02,,,,,,
488,30.172544000,0x01,0x02,,,,0x1b,0x0017,34007572204d6574616c0a074f63746f626f740a104861726d6f6e6963205669627261746f0a064642453130300a0d4c6176656e646572205261696e0a1041636f7573746963204774722053696d0a0c53746572656f2044656c61790a0b54776565642053756761720a0d57696c64204e6f637475726e65
489,30.217327000,0x01,0x02,,,,,,
490,30.217441000,0x01,0x02,,,,0x1b,0x0017,3400750a0837305320526f636b0a0838305320526f636b0a0839305320526f636b0a094563686f20446f6d650a0642726f6b656e0a0b4272697420436f6c6f75720a0a5375706572204c6976650a0d4669726564205570204c6561640a095965617220323239300a0c426f6f7374656420427269740a0c50
491,30.265041000,0x01,0x02,,,,,,
492,30.265346000,0x01,0x02,,,,0x1b,0x0017,3400756967732043616e20466c790a0b547765656420426c7565730a084272697420506f700a0d436f756e747279205477616e670a065375726679200a095061776e204b696e670a0842423135204c6f770a0842423135204d69640a07424231352048690a084275636b61726f6f0a0a426c756573203139
493,30.307388000,0x01,0x02,,,,,,
494,30.307522000,0x01,0x02,,,,0x1b,0x0017,34007535310a0b446572656b204368616d700a0a506f702043686f7275730a0a4a617a7a20436c65616e0a0a5375706572204275726e0a0d446972747920466c616e6765720a0e4372616e6b6564205072696e63650a085375737461696e640a0c46757a7a792044656c7578650a0853706f6f6e66756c0a
495,30.352507000,0x01,0x02,,,,,,
496,30.352634000,0x01,0x02,,,,0x1b,0x0017,3400750e3635205477696e205265766572620a0d363520446c78205265766572620a0f3635205072696e63205265766572620a083537204368616d700a0a353720446c78204661740a0c426173736d616e20426565660a0b53696c76657220546f6e650a0e427269742053746b20436c65616e0a07444920
497,30.489037000,0x01,0x02,,,,,,
498,30.489170000,0x01,0x02,,,,0x1b,0x0017,34007546756e6b0a0b53756e2053657373696f6e0a073537205477696e0a065068617365640a0d497269736820416e7468656d730a0b53747564696f20507265200a0c416e67727920526f64656e740a0d426c6b20486f6c6520566962650a0c53696e676c652053636f6f700a0b4561726c792045646469
499,30.489258000,0x01,0x02,,,,,,
500,30.489303000,0x01,0x02,,,,0x1b,0x0017,340075650a0d56696e74616765205468726f620a0d4c6f7564204173204c656564730a0c4576696c20426173736d616e0a0f46696c7465726564204563686f65730a0c526f636b20612042696c6c790a05456d7074790a05456d7074790a05456d7074790a05456d7074790a05456d7074790a05456d7074
501,30.532222000,0x01,0x02,,,,,,
502,30.532326000,0x01,0x02,,,,0x1b,0x0017,340075790a05456d7074790a05456d7074790a05456d7074790a05456d7074790a05456d7074790a05456d7074790a05456d7074790a05456d7074790a05456d7074790a05456d7074790a05456d7074790a05456d7074790a05456d7074790a05456d7074790a05456d7074790a05456d7074790a05456d
503,30.576913000,0x01,0x02,,,,0x1b,0x0017,35003f7074790a05456d7074790a05456d7074790a05456d7074790a05456d7074790a05456d7074790a05456d7074790a10456d7074792020202020202020202020
504,30.620963000,0x01,0x02,,,,0x1b,0x0017,35000a120808012a0408082001
505,30.640122000,0x00,0x02,,,,0x52,0x001b,3500050a03c20100
506,30.667277000,0x01,0x04,,0x13,,,,
507,30.667409000,0x01,0x02,,,,,,
508,30.667450000,0x01,0x02,,,,0x1b,0x0017,33007512fe07080222f9070af607f1067b226e6f646554797065223a22707265736574222c14002849641200d076657273696f6e223a22312e312200b1756d496e70757473223a320e00354f75740f00f003696e666f223a7b22646973706c61794e616d5e00c355626572204d6574616c222c6b00205f69
509,30.757670000,0x01,0x02,,,,,,
510,30.757820000,0x01,0x02,,,,0x1b,0x0017,3400756500f22a39354641333030412d383238392d343534312d424637372d344245314244303243384532222c22617574686f72223a22222c22736f757263653f00f30e222c2274696d657374616d70223a302e302c22637265617465645f617411007270726f647563743100f11c6d757374616e672d6c
511,30.802474000,0x01,0x02,,,,,,
512,30.802607000,0x01,0x02,,,,0x1b,0x0017,3400757478222c2269735f666163746f72795f64656661756c74223a747275652c2262706d3f00107d7c00a264696f4772617068223a33014273223a5b0a000129015073746f6d701801064e0160647370556e694f016146656e6465722800e4445542535f556e6b6e6f776e222c2400a0506172616d6574
513,30.847376000,0x01,0x02,,,,,,
514,30.847476000,0x01,0x02,,,,0x1b,0x0017,3400756572735f00c0627970617373223a66616c738700010f0003a30187506f7374227d7d2c7b003f6d6f64790063007001022c02039d0003ce000af200404143445ffb018f736368616c6c4754f6000540766f6c752802f20b2d31342e3331303230323539383537313737372c2267617465509e02f301
515,30.893374000,0x01,0x02,,,,,,
516,30.893493000,0x01,0x02,,,,0x1b,0x0017,3400753a227375706572222c2263616273696d7c0040347831321500406761696eb601f104343136343736393934373532383833392c22625501f006302e313336373139303033333139373430332c226d8702f001302e3435363035343938353532333232330041747265621a00d0313030373030303230
517,30.937290000,0x01,0x02,,,,,,
518,30.937393000,0x01,0x02,,,,0x1b,0x0017,340075373930314f02606573656e63651c00f409353738353330303133353631323438382c226d6173746572d000ba312e302c22736167223a31b8015f64656c61794101100f3302406f7265766572627c0010424143445fbe029f536d616c6c526f6f6dc001050fb6020e802c227765746c766c35013133
519,31.027393000,0x01,0x02,,,,,,
520,31.027516000,0x01,0x02,,,,0x1b,0x0017,34007534300100f00033353736323738372c2264656361791b004031343439010071353832373637341c003177656c370092352c226469666675737a01522c22746f6e0b00f2007d7d5d2c22636f6e6e656374696f6e9e031069a20400520300e404017f0301b9011074f603b16e646578223a307d2c226f
521,31.072352000,0x01,0x02,,,,,,
522,31.072506000,0x01,0x02,,,,0x1b,0x0017,340075ba0409270004ce030526000071030f4e000f1f314e00120207020e4e000d75000f9b000202ee030f99000c0b4b000f980004094b000f9600050925000f9400040209040f94000c0949000f9200040949000f9200050925000f92000405e1020f95000c094c000f9500040c4c000f9800050c28000f
523,31.118570000,0x01,0x02,,,,0x1b,0x0017,3500599b000404f7030f9a000c0c4e000f9d00040b4e000f9c00050b27000f9b00040e1e030ff802030b4e000f9b00040c4e00f902317d7d5d7d2c226d6f6469666961626c65730305f00014700c0701b103907765746c766c227d7d
524,31.161027000,0x01,0x02,,,,0x1b,0x0017,35000e120c08029201070d0000803f1001
525,31.205926000,0x01,0x02,,,,0x1b,0x0017,350009120708029a01020801
526,31.285340000,0x00,0x02,,,,0x52,0x001b,3500050a03c20100
527,31.296563000,0x01,0x04,,0x13,,,,
